0,0,0
0.1,0,0
0.2,0,0
0.3,0,0
0.4,0,0
0.5,0,0
0.6,0,0
0.7,-0.2,0
0.8,-0.2,0
0.9,-0.2,0
1,-0.2,0
1.1,-0.2,0
1.2,-0.2,0
1.3,-0.2,0
1.4,-0.2,0
1.5,-0.2,0
1.6,-0.2,0
1.7,-0.2,0
1.8,-0.2,0
1.9,-0.2,0
2,-0.2,0
2.1,-0.2,0
2.2,-0.2,0
2.3,-0.2,0
2.4,-0.2,0
2.5,-0.2,0
2.6,-0.2,0
2.7,-0.2,0
2.8,-0.2,0
2.9,-0.2,0
3,-0.2,0
3.1,-0.2,0
3.2,-0.2,0
3.3,-0.2,0
3.4,-0.2,0
3.5,-0.2,0
3.6,-0.2,0
3.7,-0.2,0
3.8,-0.2,0
3.9,-0.2,0
4,-0.2,0
4.1,-0.2,0
4.2,-0.2,0
4.3,-0.2,0
4.4,-0.2,0
4.5,-0.2,0
4.6,-0.2,0
4.7,-0.2,0
4.8,-0.2,0
4.9,-0.2,0
5,-0.2,0
5.1,-0.2,0
5.2,-0.2,0
5.3,-0.2,0
5.4,-0.2,0
5.5,-0.2,0
5.6,-0.2,0
5.7,-0.2,0
5.8,-0.2,0
5.9,-0.2,0
6,-0.2,0
6.1,-0.2,0
6.2,-0.2,0
6.3,-0.2,0
6.4,-0.2,0
6.5,-0.2,0
6.6,-0.2,0
6.7,-0.2,0
6.8,-0.2,0
6.9,-0.2,0
7,-0.2,0
7.1,-0.2,0
7.2,-0.2,0
7.3,-0.2,0
7.4,-0.2,0
7.5,-0.2,0
7.6,-0.2,0
7.7,-0.2,0
7.8,-0.2,0
7.9,-0.2,0
8,-0.2,0
8.1,1.17,0
8.2,1.17,0
8.3,1.17,0
8.4,1.17,0
8.5,1.17,0
8.6,1.17,0
8.7,1.17,0
8.8,1.17,0
8.9,1.17,0
9,1.17,0
9.1,1.17,0
9.2,1.17,0
9.3,1.17,0
9.4,1.17,0
9.5,1.17,0
9.6,1.17,0
9.7,1.17,0
9.8,1.17,0
9.9,1.17,0
10,1.17,0
10.1,1.17,0
10.2,1.17,0
10.3,1.17,0
10.4,1.17,0
10.5,1.17,0
10.6,1.17,0
10.7,1.17,0
10.8,1.17,0
10.9,1.17,0
11,1.17,0
11.1,1.17,0
11.2,1.17,0
11.3,1.17,0
11.4,1.17,0
11.5,1.17,0
11.6,1.17,0
11.7,1.17,0
11.8,1.17,0
11.9,1.17,0
12,1.17,0
12.1,1.17,0
12.2,1.17,0
12.3,1.17,0
12.4,1.17,0
12.5,1.17,0
12.6,1.17,0
12.7,1.17,0
12.8,1.17,0
12.9,1.17,0
13,1.17,0
13.1,1.17,0
13.2,1.17,0
13.3,1.17,0
13.4,1.17,0
13.5,1.17,0
13.6,1.17,0
13.7,1.17,0
13.8,1.17,0
13.9,1.17,0
14,1.17,0
14.1,1.17,0
14.2,1.17,0
14.3,1.17,0
14.4,1.17,0
14.5,1.17,0
14.6,1.17,0
14.7,1.17,0
14.8,1.17,0
14.9,1.17,0
15,1.17,0
15.1,1.17,0
15.2,1.17,0
15.3,-1.5,-24
15.4,-1.5,-19
15.5,-1.5,-21
15.6,-1.5,-30
15.7,-1.5,-22
15.8,-1.5,-21
15.9,-1.5,-22
16,-1.5,-21
16.1,-1.5,-20
16.2,-1.5,-20
16.3,-1.5,-21
16.4,-1.5,-23
16.5,-1.5,-25
16.6,-1.5,-28
16.7,-1.5,-31
16.8,-1.5,-32
16.9,-1.5,-33
17,-1.5,-34
17.1,-1.5,-35
17.2,-1.5,-34
17.3,-1.5,-33
17.4,-1.5,-31
17.5,-1.5,-29
17.6,-1.5,-27
17.7,-1.5,-25
17.8,-1.5,-24
17.9,-1.5,-21
18,-1.5,-19
18.1,-1.5,-18
18.2,-1.5,-16
18.3,-1.5,-18
18.4,-1.5,-18
18.5,-1.5,-16
18.6,-1.5,-18
18.7,-1.5,-20
18.8,-1.5,-22
18.9,-1.5,-26
19,-1.5,-28
19.1,-1.5,-32
19.2,-1.5,-33
19.3,-1.5,-33
19.4,-1.5,-33
19.5,-1.5,-32
19.6,-1.5,-31
19.7,-1.5,-30
19.8,-1.5,-27
19.9,-1.5,-25
20,-1.5,-24
20.1,-1.5,-21
20.2,-1.5,-21
20.3,-1.5,-19
20.4,-1.5,-18
20.5,-1.5,-17
20.6,-1.5,-16
20.7,-1.5,-15
20.8,-1.5,-14
20.9,-1.5,-13
21,-1.5,-13
21.1,-1.5,-13
21.2,-1.5,-13
21.3,-1.5,-15
21.4,-1.5,-15
21.5,-1.5,-16
21.6,-1.5,-19
21.7,-1.5,-22
21.8,-1.5,-25
21.9,-1.5,-27
22,-1.5,-28
22.1,-1.5,-30
22.2,-1.5,-31
22.3,-1.5,-31
22.4,-1.5,-30
22.5,-1.5,-28
22.6,-1.5,-28
22.7,-1.5,-26
22.8,-1.5,-24
22.9,-1.5,-22
23,-1.5,-19
23.1,-1.5,-17
23.2,-1.5,-15
23.3,-1.5,-13
23.4,-1.5,-12
23.5,-1.5,-11
23.6,-1.5,-9
23.7,-1.5,-7
23.8,-1.5,-6
23.9,-1.5,-4
24,-1.5,-4
24.1,-1.5,-1
24.2,-1.5,-1
24.3,-1.5,-3
24.4,-1.5,-5
24.5,-1.5,-6
24.6,-1.5,-7
24.7,-1.5,-7
24.8,-1.5,-8
24.9,-1.5,-9
25,-1.5,-10
25.1,-1.5,-12
25.2,-1.5,-15
25.3,-1.5,-17
25.4,-1.5,-19
25.5,-1.5,-21
25.6,-1.5,-22
25.7,-1.5,-24
25.8,-1.5,-26
25.9,-1.5,-27
26,-1.5,-27
26.1,-1.5,-27
26.2,-1.5,-27
26.3,-1.5,-27
26.4,-1.5,-26
26.5,-1.5,-25
26.6,-1.5,-24
26.7,-1.5,-22
26.8,-1.5,-19
26.9,-1.5,-17
27,-1.5,-15
27.1,-1.5,-13
27.2,-1.5,-13
27.3,-1.5,-13
27.4,-1.5,-12
27.5,-1.5,-12
27.6,-1.5,-12
27.7,-1.5,-12
27.8,-1.5,-10
27.9,-1.5,-10
28,-1.5,-11
28.1,-1.5,-11
28.2,-1.5,-12
28.3,-1.5,-14
28.4,-1.5,-15
28.5,-1.5,-18
28.6,-1.5,-20
28.7,-1.5,-22
28.8,-1.5,-21
28.9,-1.5,-22
29,-1.5,-25
29.1,-1.5,-26
29.2,-1.5,-27
29.3,-1.5,-28
29.4,-1.5,-26
29.5,-1.5,-25
29.6,-1.5,-25
29.7,-1.5,-24
29.8,-1.5,-22
29.9,-1.5,-20
30,-1.5,-20
30.1,-1.5,-21
30.2,-1.5,-19
30.3,-1.5,-20
30.4,-1.5,-20
30.5,-1.5,-20
30.6,-1.5,-18
30.7,-1.5,-19
30.8,-1.5,-21
30.9,-1.5,-20
31,-1.5,-21
31.1,2.5,34
31.2,2.5,31
31.3,2.5,34
31.4,2.5,36
31.5,2.5,37
31.6,2.5,37
31.7,2.5,36
31.8,2.5,34
31.9,2.5,32
32,2.5,31
32.1,2.5,30
32.2,2.5,30
32.3,2.5,27
32.4,2.5,25
32.5,2.5,26
32.6,2.5,26
32.7,2.5,26
32.8,2.5,28
32.9,2.5,30
33,2.5,31
33.1,2.5,33
33.2,2.5,34
33.3,2.5,34
33.4,2.5,34
33.5,2.5,35
33.6,2.5,34
33.7,2.5,33
33.8,2.5,32
33.9,2.5,31
34,2.5,28
34.1,2.5,27
34.2,2.5,24
34.3,2.5,24
34.4,2.5,25
34.5,2.5,24
34.6,2.5,24
34.7,2.5,24
34.8,2.5,24
34.9,2.5,25
35,2.5,26
35.1,2.5,26
35.2,2.5,28
35.3,2.5,31
35.4,2.5,32
35.5,2.5,33
35.6,2.5,32
35.7,2.5,33
35.8,2.5,33
35.9,2.5,32
36,2.5,30
36.1,2.5,28
36.2,2.5,27
36.3,2.5,27
36.4,2.5,28
36.5,2.5,29
36.6,2.5,32
36.7,2.5,33
36.8,2.5,32
36.9,2.5,33
37,2.5,34
37.1,2.5,35
37.2,2.5,36
37.3,2.5,34
37.4,2.5,32
37.5,2.5,31
37.6,2.5,30
37.7,2.5,30
37.8,2.5,28
37.9,2.5,27
38,2.5,25
38.1,2.5,26
38.2,2.5,27
38.3,2.5,27
38.4,2.5,28
38.5,2.5,27
38.6,2.5,26
38.7,2.5,25
38.8,2.5,23
38.9,2.5,22
39,2.5,22
39.1,2.5,24
39.2,2.5,27
39.3,2.5,28
39.4,2.5,30
39.5,2.5,31
39.6,2.5,31
39.7,2.5,31
39.8,2.5,32
39.9,2.5,31
40,2.5,30
40.1,2.5,28
40.2,2.5,27
40.3,2.5,26
40.4,2.5,25
40.5,2.5,24
40.6,2.5,22
40.7,2.5,21
40.8,2.5,22
40.9,2.5,21
41,2.5,21
41.1,2.5,22
41.2,2.5,22
41.3,2.5,24
41.4,2.5,24
41.5,2.5,25
41.6,2.5,26
41.7,2.5,27
41.8,2.5,27
41.9,2.5,27
42,2.5,27
42.1,2.5,28
42.2,2.5,28
42.3,2.5,30
42.4,2.5,31
42.5,2.5,32
42.6,2.5,31
42.7,2.5,28
42.8,2.5,27
42.9,2.5,25
43,2.5,25
43.1,2.5,24
43.2,2.5,24
43.3,2.5,24
43.4,2.5,24
43.5,2.5,25
43.6,2.5,25
43.7,2.5,26
43.8,2.5,27
43.9,2.5,27
44,2.5,28
44.1,-4.5,-26
44.2,-4.5,-47
44.3,-4.5,-56
44.4,-4.5,-63
44.5,-4.5,-67
44.6,-4.5,-69
44.7,-4.5,-71
44.8,-4.5,-70
44.9,-4.5,-67
45,-4.5,-66
45.1,-4.5,-63
45.2,-4.5,-63
45.3,-4.5,-66
45.4,-4.5,-68
45.5,-4.5,-70
45.6,-4.5,-70
45.7,-4.5,-66
45.8,-4.5,-64
45.9,-4.5,-62
46,-4.5,-60
46.1,-4.5,-61
46.2,-4.5,-62
46.3,-4.5,-65
46.4,-4.5,-69
46.5,-4.5,-70
46.6,-4.5,-67
46.7,-4.5,-64
46.8,-4.5,-61
46.9,-4.5,-59
47,-4.5,-60
47.1,-4.5,-60
47.2,-4.5,-60
47.3,-4.5,-63
47.4,-4.5,-64
47.5,-4.5,-64
47.6,-4.5,-63
47.7,-4.5,-61
47.8,-4.5,-58
47.9,-4.5,-57
48,-4.5,-57
48.1,-4.5,-60
48.2,-4.5,-62
48.3,-4.5,-64
48.4,-4.5,-66
48.5,-4.5,-66
48.6,-4.5,-63
48.7,-4.5,-62
48.8,-4.5,-61
48.9,-4.5,-60
49,-4.5,-60
49.1,-4.5,-61
49.2,-4.5,-62
49.3,-4.5,-63
49.4,-4.5,-63
49.5,-4.5,-62
49.6,-4.5,-61
49.7,-4.5,-60
49.8,-4.5,-57
49.9,-4.5,-57
50,-4.5,-57
50.1,-4.5,-57
50.2,-4.5,-59
50.3,-4.5,-60
50.4,-4.5,-60
50.5,-4.5,-60
50.6,-4.5,-58
50.7,-4.5,-57
50.8,-4.5,-56
50.9,-4.5,-54
51,-4.5,-54
51.1,-4.5,-56
51.2,-4.5,-57
51.3,-4.5,-58
51.4,-4.5,-58
51.5,-4.5,-58
51.6,-4.5,-58
51.7,-4.5,-56
51.8,-4.5,-54
51.9,-4.5,-52
52,-4.5,-51
52.1,-4.5,-51
52.2,-4.5,-54
52.3,-4.5,-57
52.4,-4.5,-58
52.5,-4.5,-58
52.6,-4.5,-57
52.7,-4.5,-55
52.8,-4.5,-54
52.9,-4.5,-52
53,-4.5,-51
53.1,-4.5,-52
53.2,-4.5,-54
53.3,-4.5,-55
53.4,-4.5,-57
53.5,-4.5,-58
53.6,-4.5,-57
53.7,-4.5,-57
53.8,5,48
53.9,5,62
54,5,66
54.1,5,68
54.2,5,69
54.3,5,72
54.4,5,74
54.5,5,74
54.6,5,75
54.7,5,74
54.8,5,70
54.9,5,71
55,5,72
55.1,5,71
55.2,5,73
55.3,5,73
55.4,5,73
55.5,5,73
55.6,5,70
55.7,5,69
55.8,5,69
55.9,5,70
56,5,70
56.1,5,72
56.2,5,73
56.3,5,71
56.4,5,70
56.5,5,68
56.6,5,67
56.7,5,67
56.8,5,68
56.9,5,69
57,5,70
57.1,5,70
57.2,5,69
57.3,5,69
57.4,5,67
57.5,5,68
57.6,5,68
57.7,5,68
57.8,5,69
57.9,5,69
58,5,67
58.1,5,66
58.2,5,66
58.3,5,64
58.4,5,64
58.5,5,66
58.6,5,67
58.7,5,67
58.8,5,67
58.9,5,66
59,5,64
59.1,5,62
59.2,5,61
59.3,5,62
59.4,5,63
59.5,5,64
59.6,5,66
59.7,5,66
59.8,5,64
59.9,5,63
60,5,60
60.1,5,58
60.2,5,58
60.3,5,58
60.4,5,59
60.5,5,62
60.6,5,63
60.7,5,64
60.8,5,63
60.9,5,61
61,5,61
61.1,5,60
61.2,5,60
61.3,5,60
61.4,5,61
61.5,5,60
61.6,5,61
61.7,5,61
61.8,-6.3,-52
61.9,-6.3,-70
62,-6.3,-78
62.1,-6.3,-86
62.2,-6.3,-88
62.3,-6.3,-92
62.4,-6.3,-94
62.5,-6.3,-92
62.6,-6.3,-89
62.7,-6.3,-88
62.8,-6.3,-90
62.9,-6.3,-93
63,-6.3,-94
63.1,-6.3,-91
63.2,-6.3,-87
63.3,-6.3,-86
63.4,-6.3,-86
63.5,-6.3,-87
63.6,-6.3,-90
63.7,-6.3,-90
63.8,-6.3,-90
63.9,-6.3,-88
64,-6.3,-85
64.1,-6.3,-86
64.2,-6.3,-88
64.3,-6.3,-87
64.4,-6.3,-88
64.5,-6.3,-86
64.6,-6.3,-85
64.7,-6.3,-84
64.8,-6.3,-87
64.9,-6.3,-87
65,-6.3,-91
65.1,-6.3,-90
65.2,-6.3,-88
65.3,-6.3,-88
65.4,-6.3,-87
65.5,-6.3,-88
65.6,-6.3,-90
65.7,-6.3,-90
65.8,-6.3,-88
65.9,-6.3,-87
66,-6.3,-85
66.1,-6.3,-84
66.2,-6.3,-87
66.3,-6.3,-88
66.4,-6.3,-88
66.5,-6.3,-87
66.6,-6.3,-86
66.7,-6.3,-84
66.8,-6.3,-84
66.9,-6.3,-84
67,-6.3,-86
67.1,-6.3,-86
67.2,-6.3,-84
67.3,-6.3,-82
67.4,-6.3,-81
67.5,-6.3,-80
67.6,-6.3,-84
67.7,-6.3,-85
67.8,-6.3,-84
67.9,-6.3,-85
68,-6.3,-82
68.1,-6.3,-80
68.2,-6.3,-80
68.3,-6.3,-80
68.4,-6.3,-80
68.5,-6.3,-81
68.6,-6.3,-81
68.7,-6.3,-79
68.8,-6.3,-79
68.9,-6.3,-78
69,-6.3,-78
69.1,6.3,97
69.2,6.3,93
69.3,6.3,96
69.4,6.3,99
69.5,6.3,99
69.6,6.3,97
69.7,6.3,99
69.8,6.3,98
69.9,6.3,99
70,6.3,99
70.1,6.3,98
70.2,6.3,97
70.3,6.3,97
70.4,6.3,97
70.5,6.3,98
70.6,6.3,98
70.7,6.3,96
70.8,6.3,95
70.9,6.3,94
71,6.3,93
71.1,6.3,97
71.2,6.3,96
71.3,6.3,94
71.4,6.3,93
71.5,6.3,93
71.6,6.3,91
71.7,6.3,95
71.8,6.3,96
71.9,6.3,93
72,6.3,92
72.1,6.3,90
72.2,6.3,90
72.3,6.3,92
72.4,6.3,95
72.5,6.3,93
72.6,6.3,92
72.7,6.3,90
72.8,6.3,88
72.9,6.3,90
73,6.3,90
73.1,6.3,90
73.2,6.3,90
73.3,6.3,86
73.4,6.3,85
73.5,6.3,87
73.6,6.3,87
73.7,6.3,91
73.8,6.3,90
73.9,6.3,87
74,6.3,85
74.1,6.3,85
74.2,6.3,86
74.3,6.3,90
74.4,6.3,89
74.5,6.3,87
74.6,6.3,86
74.7,6.3,85
74.8,6.3,84
74.9,6.3,86
75,6.3,88
75.1,6.3,87
75.2,6.3,87
75.3,6.3,84
75.4,6.3,81
75.5,6.3,84
75.6,6.3,87
75.7,6.3,90
75.8,6.3,92
75.9,6.3,90
76,6.3,85
76.1,6.3,84
76.2,6.3,83
76.3,6.3,87
76.4,6.3,89
76.5,6.3,90
76.6,6.3,88
76.7,6.3,85
76.8,6.3,82
76.9,6.3,81
77,6.3,85
77.1,6.3,85
77.2,6.3,86
77.3,6.3,86
77.4,6.3,82
77.5,6.3,80
77.6,6.3,80
77.7,-7.3,-153
77.8,-7.3,-108
77.9,-7.3,-110
78,-7.3,-109
78.1,-7.3,-106
78.2,-7.3,-108
78.3,-7.3,-111
78.4,-7.3,-111
78.5,-7.3,-108
78.6,-7.3,-106
78.7,-7.3,-105
78.8,-7.3,-108
78.9,-7.3,-111
79,-7.3,-109
79.1,-7.3,-106
79.2,-7.3,-103
79.3,-7.3,-103
79.4,-7.3,-108
79.5,-7.3,-109
79.6,-7.3,-108
79.7,-7.3,-106
79.8,-7.3,-106
79.9,-7.3,-106
80,-7.3,-146
80.1,-7.3,-105
80.2,-7.3,-103
80.3,-7.3,-102
80.4,-7.3,-102
80.5,-7.3,-103
80.6,-7.3,-106
80.7,-7.3,-105
80.8,-7.3,-103
80.9,-7.3,-100
81,-7.3,-102
81.1,-7.3,-105
81.2,-7.3,-106
81.3,-7.3,-105
81.4,-7.3,-104
81.5,-7.3,-103
81.6,-7.3,-105
81.7,-7.3,-106
81.8,-7.3,-107
81.9,-7.3,-103
82,-7.3,-102
82.1,-7.3,-100
82.2,-7.3,-103
82.3,-7.3,-105
82.4,-7.3,-104
82.5,-7.3,-100
82.6,-7.3,-99
82.7,-7.3,-101
82.8,-7.3,-102
82.9,-7.3,-104
83,-7.3,-103
83.1,-7.3,-100
83.2,-7.3,-99
83.3,-7.3,-102
83.4,-7.3,-102
83.5,-7.3,-103
83.6,-7.3,-102
83.7,-7.3,-99
83.8,-7.3,-99
83.9,-7.3,-97
84,-7.3,-101
84.1,-7.3,-102
84.2,-7.3,-99
84.3,-7.3,-99
84.4,-7.3,-99
84.5,-7.3,-99
84.6,-7.3,-100
84.7,-7.3,-102
84.8,-7.3,-100
84.9,-7.3,-98
85,-7.3,-99
85.1,-7.3,-98
85.2,-7.3,-100
85.3,-7.3,-100
85.4,-7.3,-98
85.5,-7.3,-97
85.6,-7.3,-97
85.7,-7.3,-95
85.8,-7.3,-97
85.9,-7.3,-98
86,7.5,46
86.1,7.5,105
86.2,7.5,112
86.3,7.5,114
86.4,7.5,115
86.5,7.5,116
86.6,7.5,115
86.7,7.5,113
86.8,7.5,114
86.9,7.5,113
87,7.5,114
87.1,7.5,114
87.2,7.5,111
87.3,7.5,112
87.4,7.5,112
87.5,7.5,111
87.6,7.5,112
87.7,7.5,110
87.8,7.5,108
87.9,7.5,108
88,7.5,109
88.1,7.5,108
88.2,7.5,108
88.3,7.5,107
88.4,7.5,106
88.5,7.5,106
88.6,7.5,106
88.7,7.5,106
88.8,7.5,105
88.9,7.5,104
89,7.5,102
89.1,7.5,106
89.2,7.5,109
89.3,7.5,108
89.4,7.5,107
89.5,7.5,107
89.6,7.5,106
89.7,7.5,106
89.8,7.5,108
89.9,7.5,104
90,7.5,103
90.1,7.5,102
90.2,7.5,106
90.3,7.5,107
90.4,7.5,104
90.5,7.5,104
90.6,7.5,103
90.7,7.5,103
90.8,7.5,108
90.9,7.5,106
91,7.5,103
91.1,7.5,100
91.2,7.5,101
91.3,7.5,100
91.4,7.5,104
91.5,7.5,104
91.6,7.5,102
91.7,7.5,101
91.8,7.5,100
91.9,7.5,100
92,7.5,103
92.1,7.5,102
92.2,7.5,99
92.3,7.5,99
92.4,7.5,100
92.5,7.5,100
92.6,7.5,104
92.7,7.5,104
92.8,7.5,100
92.9,7.5,100
93,7.5,102
93.1,-8,-99
93.2,-8,-117
93.3,-8,-118
93.4,-8,-119
93.5,-8,-116
93.6,-8,-111
93.7,-8,-115
93.8,-8,-115
93.9,-8,-112
94,-8,-112
94.1,-8,-110
94.2,-8,-114
94.3,-8,-122
94.4,-8,-123
94.5,-8,-120
94.6,-8,-118
94.7,-8,-118
94.8,-8,-117
94.9,-8,-117
95,-8,-114
95.1,-8,-111
95.2,-8,-112
95.3,-8,-113
95.4,-8,-114
95.5,-8,-115
95.6,-8,-112
95.7,-8,-111
95.8,-8,-115
95.9,-8,-117
96,-8,-115
96.1,-8,-114
96.2,-8,-111
96.3,-8,-112
96.4,-8,-114
96.5,-8,-113
96.6,-8,-114
96.7,-8,-111
96.8,-8,-111
96.9,-8,-114
97,-8,-115
97.1,-8,-112
97.2,-8,-113
97.3,-8,-112
97.4,-8,-111
97.5,-8,-114
97.6,-8,-114
97.7,8,-18
97.8,8,108
97.9,8,118
98,8,121
98.1,8,119
98.2,8,120
98.3,8,119
98.4,8,117
98.5,8,117
98.6,8,112
98.7,8,111
98.8,8,113
98.9,8,115
99,8,112
99.1,8,113
99.2,8,115
99.3,8,121
99.4,8,121
99.5,8,117
99.6,8,114
99.7,8,115
99.8,8,115
99.9,8,117
100,8,115
100.1,8,110
100.2,8,111
100.3,8,115
100.4,8,116
100.5,8,117
100.6,8,114
100.7,8,109
100.8,8,111
100.9,8,114
101,8,112
101.1,8,111
101.2,8,109
101.3,8,110
101.4,8,115
101.5,-9,-100
101.6,-9,-118
101.7,-9,-126
101.8,-9,-127
101.9,-9,-129
102,-9,-124
102.1,-9,-120
102.2,-9,-124
102.3,-9,-125
102.4,-9,-123
102.5,-9,-117
102.6,-9,-115
102.7,-9,-116
102.8,-9,-118
102.9,-9,-121
103,-9,-120
103.1,-9,-120
103.2,-9,-126
103.3,-9,-128
103.4,-9,-126
103.5,-9,-125
103.6,-9,-121
103.7,-9,-120
103.8,-9,-122
103.9,-9,-122
104,-9,-117
104.1,-9,-118
104.2,-9,-120
104.3,-9,-121
104.4,-9,-122
104.5,-9,-120
104.6,-9,-120
104.7,-9,-122
104.8,-9,-123
104.9,-9,-121
105,-9,-121
105.1,-9,-120
105.2,-9,-120
105.3,-9,-121
105.4,-9,-121
105.5,-9,-121
105.6,-9,-121
105.7,-9,-120
105.8,-9,-123
105.9,-9,-124
106,-9,-123
106.1,-9,-121
106.2,-9,-120
106.3,-9,-120
106.4,-9,-121
106.5,-9,-121
106.6,-9,-118
106.7,-9,-119
106.8,-9,-118
106.9,9,248
107,9,132
107.1,9,134
107.2,9,135
107.3,9,132
107.4,9,133
107.5,9,133
107.6,9,132
107.7,9,133
107.8,9,133
107.9,9,132
108,9,133
108.1,9,132
108.2,9,129
108.3,9,129
108.4,9,128
108.5,9,129
108.6,9,129
108.7,9,124
108.8,9,124
108.9,9,123
109,9,124
109.1,9,126
109.2,9,123
109.3,9,120
109.4,9,123
109.5,9,127
109.6,9,127
109.7,9,123
109.8,9,121
109.9,9,123
110,9,127
110.1,9,126
110.2,9,120
110.3,9,118
110.4,9,122
110.5,9,123
110.6,9,123
110.7,9,118
110.8,9,116
110.9,9,123
111,9,126
111.1,9,123
111.2,9,122
111.3,9,123
111.4,9,123
111.5,9,126
111.6,9,121
111.7,9,118
111.8,9,120
111.9,9,121
112,9,121
112.1,9,118
112.2,-9.5,-136
112.3,-9.5,-129
112.4,-9.5,-134
112.5,-9.5,-134
112.6,-9.5,-135
112.7,-9.5,-135
112.8,-9.5,-133
112.9,-9.5,-133
113,-9.5,-132
113.1,-9.5,-137
113.2,-9.5,-135
113.3,-9.5,-134
113.4,-9.5,-137
113.5,-9.5,-139
113.6,-9.5,-135
113.7,-9.5,-135
113.8,-9.5,-134
113.9,-9.5,-133
114,-9.5,-134
114.1,-9.5,-133
114.2,-9.5,-129
114.3,-9.5,-127
114.4,-9.5,-129
114.5,-9.5,-127
114.6,-9.5,-127
114.7,-9.5,-124
114.8,-9.5,-127
114.9,-9.5,-128
115,-9.5,-127
115.1,-9.5,-127
115.2,-9.5,-126
115.3,-9.5,-127
115.4,-9.5,-129
115.5,-9.5,-128
115.6,-9.5,-125
115.7,-9.5,-126
115.8,-9.5,-127
115.9,-9.5,-127
116,-9.5,-128
116.1,-9.5,-127
116.2,-9.5,-126
116.3,-9.5,-129
116.4,-9.5,-130
116.5,-9.5,-129
116.6,-9.5,-131
116.7,-9.5,-130
116.8,-9.5,-129
116.9,-9.5,-130
117,-9.5,-130
117.1,-9.5,-128
117.2,-9.5,-129
117.3,-9.5,-128
117.4,-9.5,-127
117.5,-9.5,-128
117.6,9.5,188
117.7,9.5,137
117.8,9.5,140
117.9,9.5,139
118,9.5,138
118.1,9.5,139
118.2,9.5,140
118.3,9.5,138
118.4,9.5,138
118.5,9.5,139
118.6,9.5,138
118.7,9.5,139
118.8,9.5,138
118.9,9.5,136
119,9.5,138
119.1,9.5,138
119.2,9.5,136
119.3,9.5,136
119.4,9.5,136
119.5,9.5,134
119.6,9.5,133
119.7,9.5,132
119.8,9.5,130
119.9,9.5,130
120,9.5,129
120.1,9.5,126
120.2,9.5,126
120.3,9.5,128
120.4,9.5,127
120.5,9.5,127
120.6,9.5,124
120.7,9.5,124
120.8,9.5,129
120.9,9.5,128
121,9.5,126
121.1,9.5,126
121.2,9.5,129
121.3,9.5,131
121.4,9.5,128
121.5,9.5,122
121.6,9.5,123
121.7,9.5,127
121.8,9.5,126
121.9,9.5,124
122,9.5,121
122.1,-9.7,-248
122.2,-9.7,-136
122.3,-9.7,-135
122.4,-9.7,-136
122.5,-9.7,-138
122.6,-9.7,-142
122.7,-9.7,-140
122.8,-9.7,-133
122.9,-9.7,-138
123,-9.7,-138
123.1,-9.7,-135
123.2,-9.7,-134
123.3,-9.7,-132
123.4,-9.7,-132
123.5,-9.7,-133
123.6,-9.7,-129
123.7,-9.7,-126
123.8,-9.7,-130
123.9,-9.7,-132
124,-9.7,-135
124.1,-9.7,-133
124.2,-9.7,-131
124.3,-9.7,-134
124.4,-9.7,-134
124.5,-9.7,-132
124.6,-9.7,-132
124.7,-9.7,-133
124.8,-9.7,-133
124.9,-9.7,-135
125,-9.7,-134
125.1,-9.7,-132
125.2,-9.7,-135
125.3,-9.7,-136
125.4,-9.7,-134
125.5,-9.7,-136
125.6,-9.7,-136
125.7,-9.7,-134
125.8,-9.7,-135
125.9,-9.7,-136
126,-9.7,-135
126.1,-9.7,-135
126.2,-9.7,-134
126.3,-9.7,-131
126.4,-9.7,-133
126.5,-9.7,-133
126.6,-9.7,-132
126.7,-9.7,-132
126.8,-9.7,-132
126.9,-9.7,-129
127,-9.7,-131
127.1,-9.7,-129
127.2,9.7,259
127.3,9.7,142
127.4,9.7,144
127.5,9.7,142
127.6,9.7,143
127.7,9.7,142
127.8,9.7,141
127.9,9.7,143
128,9.7,142
128.1,9.7,139
128.2,9.7,141
128.3,9.7,142
128.4,9.7,140
128.5,9.7,139
128.6,9.7,139
128.7,9.7,139
128.8,9.7,141
128.9,9.7,139
129,9.7,137
129.1,9.7,139
129.2,9.7,141
129.3,9.7,138
129.4,9.7,136
129.5,9.7,136
129.6,9.7,138
129.7,9.7,140
129.8,9.7,136
129.9,9.7,133
130,9.7,138
130.1,9.7,138
130.2,9.7,135
130.3,9.7,132
130.4,9.7,133
130.5,9.7,138
130.6,9.7,136
130.7,9.7,132
130.8,9.7,134
130.9,9.7,136
131,9.7,134
131.1,9.7,132
131.2,9.7,132
131.3,9.7,133
131.4,9.7,136
131.5,9.7,135
131.6,9.7,130
131.7,9.7,132
131.8,9.7,134
131.9,9.7,131
132,9.7,129
132.1,9.7,128
132.2,9.7,127
132.3,9.7,128
132.4,9.7,126
132.5,9.7,124
132.6,-10.3,-145
132.7,-10.3,-145
132.8,-10.3,-148
132.9,-10.3,-146
133,-10.3,-148
133.1,-10.3,-148
133.2,-10.3,-145
133.3,-10.3,-148
133.4,-10.3,-147
133.5,-10.3,-148
133.6,-10.3,-150
133.7,-10.3,-149
133.8,-10.3,-149
133.9,-10.3,-152
134,-10.3,-150
134.1,-10.3,-148
134.2,-10.3,-150
134.3,-10.3,-148
134.4,-10.3,-147
134.5,-10.3,-148
134.6,-10.3,-149
134.7,-10.3,-147
134.8,-10.3,-148
134.9,-10.3,-148
135,-10.3,-147
135.1,-10.3,-149
135.2,-10.3,-149
135.3,-10.3,-148
135.4,-10.3,-150
135.5,-10.3,-150
135.6,-10.3,-147
135.7,-10.3,-147
135.8,-10.3,-147
135.9,-10.3,-146
136,-10.3,-147
136.1,-10.3,-148
136.2,-10.3,-145
136.3,-10.3,-147
136.4,-10.3,-145
136.5,-10.3,-147
136.6,-10.3,-147
136.7,-10.3,-145
136.8,-10.3,-146
136.9,10.3,132
137,10.3,151
137.1,10.3,149
137.2,10.3,151
137.3,10.3,151
137.4,10.3,149
137.5,10.3,150
137.6,10.3,150
137.7,10.3,148
137.8,10.3,150
137.9,10.3,150
138,10.3,148
138.1,10.3,150
138.2,10.3,150
138.3,10.3,148
138.4,10.3,148
138.5,10.3,150
138.6,10.3,148
138.7,10.3,149
138.8,10.3,148
138.9,10.3,145
139,10.3,145
139.1,10.3,144
139.2,10.3,142
139.3,10.3,146
139.4,10.3,142
139.5,10.3,142
139.6,10.3,144
139.7,10.3,144
139.8,10.3,145
139.9,10.3,142
140,10.3,142
140.1,10.3,146
140.2,10.3,147
140.3,10.3,145
140.4,10.3,149
140.5,10.3,149
140.6,10.3,145
140.7,10.3,146
140.8,10.3,145
140.9,10.3,144
141,10.3,143
141.1,10.3,141
141.2,10.3,139
141.3,10.3,143
141.4,10.3,144
141.5,10.3,141
141.6,10.3,144
141.7,10.3,146
141.8,10.3,146
141.9,10.3,147
142,10.3,147
142.1,10.3,144
142.2,10.3,145
142.3,10.3,144
142.4,10.3,142
142.5,10.3,144
142.6,10.3,142
142.7,10.3,142
142.8,10.3,141
142.9,10.3,141
143,10.3,143
143.1,10.3,142
143.2,10.3,141
143.3,10.3,142
143.4,0,322
143.5,0,0
143.6,0,-1
143.7,0,0
143.8,0,0
143.9,0,0
144,0,0
144.1,0,0
144.2,0,0
144.3,0,0
144.4,0,0
144.5,0,0
144.6,0,0
144.7,0,0
144.8,0,0
144.9,0,0
145,0,0
145.1,0,0
